"","x"
"1","BKK:2S"
"2","BKK:A"
"3","BKK:AAV"
"4","BKK:ABC"
"5","BKK:ABICO"
"6","BKK:ACAP"
"7","BKK:ACC"
"8","BKK:ADVANC"
"9","BKK:AEC"
"10","BKK:AEONTS"
"11","BKK:AF"
"12","BKK:AFC"
"13","BKK:AGE"
"14","BKK:AH"
"15","BKK:AHC"
"16","BKK:AIRA"
"17","BKK:AIT"
"18","BKK:AJ"
"19","BKK:AJD"
"20","BKK:AKP"
"21","BKK:AKR"
"22","BKK:ALUCON"
"23","BKK:AMANAH"
"24","BKK:AMARIN"
"25","BKK:AMATA"
"26","BKK:AMC"
"27","BKK:ANAN"
"28","BKK:AOT"
"29","BKK:AP"
"30","BKK:APCO"
"31","BKK:APCS"
"32","BKK:APURE"
"33","BKK:AQUA"
"34","BKK:ARIP"
"35","BKK:ARROW"
"36","BKK:AS"
"37","BKK:ASIA"
"38","BKK:ASIAN"
"39","BKK:ASIMAR"
"40","BKK:ASK"
"41","BKK:ASP"
"42","BKK:AUCT"
"43","BKK:AYUD"
"44","BKK:BA"
"45","BKK:BAFS"
"46","BKK:BANPU"
"47","BKK:BAT-3K"
"48","BKK:BAY"
"49","BKK:BBL"
"50","BKK:BCH"
"51","BKK:BCP"
"52","BKK:BDMS"
"53","BKK:BEAUTY"
"54","BKK:BEC"
"55","BKK:BEM"
"56","BKK:BFIT"
"57","BKK:BGT"
"58","BKK:BH"
"59","BKK:BIG"
"60","BKK:BIGC"
"61","BKK:BJC"
"62","BKK:BJCHI"
"63","BKK:BKD"
"64","BKK:BKI"
"65","BKK:BLA"
"66","BKK:BLAND"
"67","BKK:BOL"
"68","BKK:BR"
"69","BKK:BROCK"
"70","BKK:BROOK"
"71","BKK:BRR"
"72","BKK:BSBM"
"73","BKK:BSM"
"74","BKK:BTC"
"75","BKK:BTNC"
"76","BKK:BTS"
"77","BKK:BWG"
"78","BKK:CBG"
"79","BKK:CCET"
"80","BKK:CCN"
"81","BKK:CCP"
"82","BKK:CEN"
"83","BKK:CENTEL"
"84","BKK:CFRESH"
"85","BKK:CGD"
"86","BKK:CGH"
"87","BKK:CHARAN"
"88","BKK:CHG"
"89","BKK:CHO"
"90","BKK:CHOTI"
"91","BKK:CHOW"
"92","BKK:CHUO"
"93","BKK:CI"
"94","BKK:CIG"
"95","BKK:CIMBT"
"96","BKK:CITY"
"97","BKK:CK"
"98","BKK:CKP"
"99","BKK:CM"
"100","BKK:CMO"
"101","BKK:CMR"
"102","BKK:CNS"
"103","BKK:CNT"
"104","BKK:COL"
"105","BKK:COLOR"
"106","BKK:CPALL"
"107","BKK:CPF"
"108","BKK:CPH"
"109","BKK:CPI"
"110","BKK:CPL"
"111","BKK:CPN"
"112","BKK:CPNCG"
"113","BKK:CPNRF"
"114","BKK:CPR"
"115","BKK:CRANE"
"116","BKK:CSC"
"117","BKK:CSL"
"118","BKK:CSP"
"119","BKK:CSR"
"120","BKK:CSS"
"121","BKK:CTW"
"122","BKK:CWT"
"123","BKK:DCC"
"124","BKK:DCON"
"125","BKK:DCORP"
"126","BKK:DELTA"
"127","BKK:DEMCO"
"128","BKK:DIMET"
"129","BKK:DNA"
"130","BKK:DRACO"
"131","BKK:DRT"
"132","BKK:DSGT"
"133","BKK:DTAC"
"134","BKK:DTC"
"135","BKK:DTCI"
"136","BKK:E"
"137","BKK:EA"
"138","BKK:EARTH"
"139","BKK:EASON"
"140","BKK:EASTW"
"141","BKK:ECF"
"142","BKK:ECL"
"143","BKK:EE"
"144","BKK:EFORL"
"145","BKK:EGCO"
"146","BKK:EIC"
"147","BKK:EMC"
"148","BKK:EPCO"
"149","BKK:EPG"
"150","BKK:ERW"
"151","BKK:ERWPF"
"152","BKK:ESSO"
"153","BKK:ESTAR"
"154","BKK:EVER"
"155","BKK:F&D"
"156","BKK:FANCY"
"157","BKK:FE"
"158","BKK:FER"
"159","BKK:FIRE"
"160","BKK:FMT"
"161","BKK:FNS"
"162","BKK:FOCUS"
"163","BKK:FORTH"
"164","BKK:FPI"
"165","BKK:FSMART"
"166","BKK:FSS"
"167","BKK:FVC"
"168","BKK:GBX"
"169","BKK:GC"
"170","BKK:GCAP"
"171","BKK:GEL"
"172","BKK:GENCO"
"173","BKK:GFPT"
"174","BKK:GIFT"
"175","BKK:GJS"
"176","BKK:GL"
"177","BKK:GLAND"
"178","BKK:GLOBAL"
"179","BKK:GLOW"
"180","BKK:GOLD"
"181","BKK:GRAMMY"
"182","BKK:GRAND"
"183","BKK:GREEN"
"184","BKK:GSTEL"
"185","BKK:GUNKUL"
"186","BKK:GYT"
"187","BKK:HANA"
"188","BKK:HEMRAJ"
"189","BKK:HFT"
"190","BKK:HMPRO"
"191","BKK:HOTPOT"
"192","BKK:HPF"
"193","BKK:HTC"
"194","BKK:HTECH"
"195","BKK:HYDRO"
"196","BKK:ICC"
"197","BKK:ICHI"
"198","BKK:IEC"
"199","BKK:IFEC"
"200","BKK:IFS"
"201","BKK:ILINK"
"202","BKK:INET"
"203","BKK:INOX"
"204","BKK:INSURE"
"205","BKK:INTUCH"
"206","BKK:IRC"
"207","BKK:IRCP"
"208","BKK:IRPC"
"209","BKK:IT"
"210","BKK:ITD"
"211","BKK:IVL"
"212","BKK:JAS"
"213","BKK:JCT"
"214","BKK:JMART"
"215","BKK:JMT"
"216","BKK:JSP"
"217","BKK:JTS"
"218","BKK:JUBILE"
"219","BKK:JUTHA"
"220","BKK:KAMART"
"221","BKK:KASET"
"222","BKK:KBANK"
"223","BKK:KBS"
"224","BKK:KC"
"225","BKK:KCAR"
"226","BKK:KCE"
"227","BKK:KCM"
"228","BKK:KDH"
"229","BKK:KGI"
"230","BKK:KIAT"
"231","BKK:KKC"
"232","BKK:KKP"
"233","BKK:KOOL"
"234","BKK:KSL"
"235","BKK:KTB"
"236","BKK:KTC"
"237","BKK:KTIS"
"238","BKK:KTP"
"239","BKK:KWC"
"240","BKK:KYE"
"241","BKK:LALIN"
"242","BKK:LANNA"
"243","BKK:LDC"
"244","BKK:LEE"
"245","BKK:LH"
"246","BKK:LHBANK"
"247","BKK:LHK"
"248","BKK:LHPF"
"249","BKK:LHSC"
"250","BKK:LIT"
"251","BKK:LOXLEY"
"252","BKK:LPN"
"253","BKK:LRH"
"254","BKK:LST"
"255","BKK:LTX"
"256","BKK:M"
"257","BKK:M-CHAI"
"258","BKK:M-PAT"
"259","BKK:MACO"
"260","BKK:MAJOR"
"261","BKK:MAKRO"
"262","BKK:MALEE"
"263","BKK:MANRIN"
"264","BKK:MATCH"
"265","BKK:MATI"
"266","BKK:MAX"
"267","BKK:MBAX"
"268","BKK:MBK"
"269","BKK:MBKET"
"270","BKK:MC"
"271","BKK:MCOT"
"272","BKK:MCS"
"273","BKK:MDX"
"274","BKK:MEGA"
"275","BKK:METCO"
"276","BKK:MFC"
"277","BKK:MFEC"
"278","BKK:MIDA"
"279","BKK:MILL"
"280","BKK:MINT"
"281","BKK:MJD"
"282","BKK:MJLF"
"283","BKK:MK"
"284","BKK:ML"
"285","BKK:MODERN"
"286","BKK:MONO"
"287","BKK:MOONG"
"288","BKK:MPG"
"289","BKK:MPIC"
"290","BKK:MSC"
"291","BKK:MTI"
"292","BKK:MTLS"
"293","BKK:NBC"
"294","BKK:NC"
"295","BKK:NCH"
"296","BKK:NCL"
"297","BKK:NDR"
"298","BKK:NEP"
"299","BKK:NEW"
"300","BKK:NEWS"
"301","BKK:NINE"
"302","BKK:NKI"
"303","BKK:NMG"
"304","BKK:NNCL"
"305","BKK:NOBLE"
"306","BKK:NOK"
"307","BKK:NPK"
"308","BKK:NPP"
"309","BKK:NSI"
"310","BKK:NTV"
"311","BKK:NUSA"
"312","BKK:NWR"
"313","BKK:NYT"
"314","BKK:OCC"
"315","BKK:OCEAN"
"316","BKK:OGC"
"317","BKK:OHTL"
"318","BKK:OISHI"
"319","BKK:OTO"
"320","BKK:PACE"
"321","BKK:PAE"
"322","BKK:PAF"
"323","BKK:PAP"
"324","BKK:PATO"
"325","BKK:PB"
"326","BKK:PCA"
"327","BKK:PCSGH"
"328","BKK:PDG"
"329","BKK:PDI"
"330","BKK:PE"
"331","BKK:PERM"
"332","BKK:PF"
"333","BKK:PG"
"334","BKK:PHOL"
"335","BKK:PICO"
"336","BKK:PJW"
"337","BKK:PK"
"338","BKK:PL"
"339","BKK:PLE"
"340","BKK:PM"
"341","BKK:POLAR"
"342","BKK:POST"
"343","BKK:PPM"
"344","BKK:PPP"
"345","BKK:PPS"
"346","BKK:PR"
"347","BKK:PRAKIT"
"348","BKK:PRANDA"
"349","BKK:PREB"
"350","BKK:PRECHA"
"351","BKK:PRG"
"352","BKK:PRIN"
"353","BKK:PRINC"
"354","BKK:PS"
"355","BKK:PSL"
"356","BKK:PSTC"
"357","BKK:PT"
"358","BKK:PTG"
"359","BKK:PTL"
"360","BKK:PTT"
"361","BKK:PTTEP"
"362","BKK:PTTGC"
"363","BKK:PYLON"
"364","BKK:Q-CON"
"365","BKK:QH"
"366","BKK:QHHR"
"367","BKK:QHPF"
"368","BKK:QLT"
"369","BKK:QTC"
"370","BKK:RAM"
"371","BKK:RATCH"
"372","BKK:RCI"
"373","BKK:RCL"
"374","BKK:RICH"
"375","BKK:RICHY"
"376","BKK:RML"
"377","BKK:ROBINS"
"378","BKK:ROCK"
"379","BKK:ROH"
"380","BKK:ROJNA"
"381","BKK:RPC"
"382","BKK:RS"
"383","BKK:RWI"
"384","BKK:S"
"385","BKK:S&J"
"386","BKK:SABINA"
"387","BKK:SALEE"
"388","BKK:SAM"
"389","BKK:SAMART"
"390","BKK:SAMCO"
"391","BKK:SAMTEL"
"392","BKK:SANKO"
"393","BKK:SAPPE"
"394","BKK:SAT"
"395","BKK:SAUCE"
"396","BKK:SAWAD"
"397","BKK:SAWANG"
"398","BKK:SC"
"399","BKK:SCB"
"400","BKK:SCC"
"401","BKK:SCCC"
"402","BKK:SCG"
"403","BKK:SE-ED"
"404","BKK:SEAFCO"
"405","BKK:SEAOIL"
"406","BKK:SENA"
"407","BKK:SF"
"408","BKK:SFP"
"409","BKK:SGP"
"410","BKK:SHANG"
"411","BKK:SIAM"
"412","BKK:SIM"
"413","BKK:SIMAT"
"414","BKK:SINGER"
"415","BKK:SIRI"
"416","BKK:SIS"
"417","BKK:SITHAI"
"418","BKK:SKR"
"419","BKK:SMART"
"420","BKK:SMG"
"421","BKK:SMIT"
"422","BKK:SMK"
"423","BKK:SMM"
"424","BKK:SMPC"
"425","BKK:SMT"
"426","BKK:SNC"
"427","BKK:SNP"
"428","BKK:SOLAR"
"429","BKK:SORKON"
"430","BKK:SPACK"
"431","BKK:SPALI"
"432","BKK:SPC"
"433","BKK:SPCG"
"434","BKK:SPF"
"435","BKK:SPG"
"436","BKK:SPI"
"437","BKK:SPORT"
"438","BKK:SPPT"
"439","BKK:SPRC"
"440","BKK:SPVI"
"441","BKK:SRICHA"
"442","BKK:SSC"
"443","BKK:SSF"
"444","BKK:SSI"
"445","BKK:SSSC"
"446","BKK:SST"
"447","BKK:STA"
"448","BKK:STANLY"
"449","BKK:STAR"
"450","BKK:STEC"
"451","BKK:STPI"
"452","BKK:SUC"
"453","BKK:SUPER"
"454","BKK:SUSCO"
"455","BKK:SUTHA"
"456","BKK:SVH"
"457","BKK:SVI"
"458","BKK:SVOA"
"459","BKK:SWC"
"460","BKK:SYMC"
"461","BKK:SYNEX"
"462","BKK:SYNTEC"
"463","BKK:T"
